{"cameraMode":{"drawMode":0,"name":"Shaded","section":"Shading Mode"},"sceneLighting":false,"audioPlay":false,"sceneViewState":{"m_AlwaysRefresh":false,"showFog":true,"showSkybox":false,"showFlares":true,"showImageEffects":true,"showParticleSystems":true,"showVisualEffectGraphs":true,"m_FxEnabled":true},"in2DMode":false,"pivot":{"x":-0.00008058547973632813,"y":0.8642494678497315,"z":0.0032529830932617189},"rotation":{"x":0.0032379236072301866,"y":-0.9743683934211731,"z":0.22454793751239777,"w":0.014038408175110817},"size":1.1264559030532838,"orthographic":false}