{"cameraMode":{"drawMode":0,"name":"Shaded","section":"Shading Mode"},"sceneLighting":false,"audioPlay":false,"sceneViewState":{"m_AlwaysRefresh":false,"showFog":true,"showSkybox":false,"showFlares":true,"showImageEffects":true,"showParticleSystems":true,"showVisualEffectGraphs":true,"m_FxEnabled":true},"in2DMode":false,"pivot":{"x":-3.0547380447387697e-7,"y":0.051788508892059329,"z":0.145822674036026},"rotation":{"x":-0.11259718984365463,"y":-0.8489925861358643,"z":0.20102980732917787,"w":-0.4755539894104004},"size":0.47140544652938845,"orthographic":false}